{"cameraMode":{"drawMode":0,"name":"Shaded","section":"Shading Mode"},"sceneLighting":true,"audioPlay":false,"sceneViewState":{"showFog":true,"showMaterialUpdate":false,"showSkybox":true,"showFlares":true,"showImageEffects":true,"showParticleSystems":true},"in2DMode":false,"pivot":{"x":-13.064065933227539,"y":-27.635711669921876,"z":70.69107055664063},"rotation":{"x":-0.2566264271736145,"y":-0.0443459190428257,"z":0.011788098141551018,"w":-0.9654242992401123},"size":62.62544631958008,"orthographic":false}